epoch,accuracy,loss,val_accuracy,val_loss
0,0.6666666865348816,0.6950450539588928,0.699999988079071,0.693863034248352
