epoch,accuracy,loss,val_accuracy,val_loss
0,0.625,0.6681576371192932,0.6849315166473389,0.5774964690208435
